"","CLAY","SILT","SAND","field_name","sample_uuid","TEXCLASS"
"1",18,77,5,"StephenFarms_HomeFarm","00e545ae-09eb-4687-af63-81a063e990e0","SIL"
"2",16.8,33.6,49.6,"SEED-544-Soybeans","013b646d-dfc9-427a-92a9-9a06539d56fe","L"
"3",30.16,42.08,27.76,"SEED-516-Soybeans","0178431d-b30c-403c-9ec8-890f30354d1d","CL"
"4",26.8695014662757,36.1935483870968,36.9369501466276,"airport","018d8e77-d778-43ba-b783-11a40b5f3094","L"
"5",38.9466666666667,47.7233333333333,13.33,"Dawson Farms - 2016 Doug C","0194929a-3130-4606-8612-5f98fcc1545d","SICL"
"6",28.48,63.81,7.71,"house","022986d5-8ddc-4db4-a8e2-e8246726abb4","SICL"
"7",13.7,30.55,55.75,"523 clone","026363cf-f057-47d2-a7e3-2460714a8215","SL"
"8",27.4,68.6,4,"turner south","02c9c2e0-44cb-44c5-96e7-dca20ce3e15a","SIL"
"9",16,24,60,"Vandyke","03064864-23f2-4149-bfa9-fdb262d11ed6","SL"
"10",30.69,64.64,4.67,"488 clone","034fc62c-d826-4132-8109-ff0c15573c54","SICL"
"11",19.86,73.14,7,"StephenFarms_BradKuegel","03984c32-a30a-4869-b88d-0b6b482767b4","SIL"
"12",21.36,40.52,38.12,"Buds house","03d37505-aa58-40eb-b4fc-9eb83e7fa55e","L"
"13",31.97,66.291,1.739,"Rose's Highway_NO Product_1_poly","041fdaea-291c-4f77-8e25-c660062de77d","SICL"
"14",28.48,63.81,7.71,"house","04d9b260-e54f-4401-88da-bb880a2119dd","SICL"
"15",29.85,62.27,7.88,"field-ne-001","04e369af-2316-4066-8e63-5382a368c901","SICL"
"16",35.8233333333333,45.4933333333333,18.6833333333333,"Dawson Farms - 2016 Doug C","0563d6b3-fbd7-4fdb-804e-f3548741edcd","SICL"
"17",28.115,67.62,4.265,"Dorris 80","058137e0-967c-4074-ba39-8ed81f9779ef","SICL"
"18",31,34.04,34.96,"Burrus Seed Farms - BMN  - Boundary","05f31968-0150-4a1a-b5f5-9a72a662c5fd","CL"
"19",42.88,49.59,7.53,"D Durdan Arnez","0625937f-cd70-45d1-ae7e-65a23ac753d2","SIC"
"20",25.57,69.9175,4.5125,"Moore 120","07648e4a-61b9-427c-888d-aa20a5d5f151","SIL"
"21",20.9,75.1,4,"Harvestore Hwy","08499faa-b9d0-41c9-9c1d-b95f652f49c0","SIL"
"22",28.115,67.62,4.265,"Dorris 80","08bb0713-7b83-418c-9ad9-412f54db2704","SICL"
"23",13.45,77.1,9.45,"1-000393acfield","09f81a4c-929b-4cb9-99ee-c0be67196ad4","SIL"
"24",13.5757575757576,30.010101010101,56.4141414141414,"523 clone","0a18cb2e-df4c-49b3-938f-f0cb4c8853d8","SL"
"25",28.115,67.62,4.265,"Dorris 80","0ade897f-f9dd-47d3-a0fe-d6dcf8a21bf1","SICL"
"26",23.1852941176471,72.5147058823529,4.3,"south","0b44cb9c-7736-4cb5-87b2-b46f3a12d34d","SIL"
"27",30.16,42.08,27.76,"Haelys","0c0c7b7b-23ab-40a3-8c2f-8b297f5b35f3","CL"
"28",24.5,58.5,17,"Sallys building","0cf74f44-9f3f-469a-bef7-beba7b85eb1c","SIL"
"29",11.34,21.34,67.32,"523 clone","0cf9b4d3-09f0-4d48-836c-efa5a82efeed","SL"
"30",28.48,63.81,7.71,"house","0d0e5977-3858-47a1-b643-03ddc08d8772","SICL"
"31",11.34,21.34,67.32,"YUSUF-MAIN-YUSUF MAIN-W OF RD-Soybeans","0d3adf91-db2f-41ff-8068-aef08f3265db","SL"
"32",13.7,30.55,55.75,"YUSUF-MAIN-YUSUF MAIN-W OF RD-Soybeans","0dcc3f3f-d203-42b0-bd8d-6dc62e0c83ab","SL"
"33",19.045,37.8785,43.0765,"field-ne-001","0e069dfc-7036-4825-924a-6d43ce310eb3","L"
"34",30.56,64.44,5,"north bins","0ebca8ea-fdea-433c-a350-f9500bd72241","SICL"
"35",11.34,21.34,67.32,"523 clone","0ed43c2f-b253-4e52-ad33-5eef00e830ac","SL"
"36",26.05,69.95,4,"west field","0ed8702b-25d3-4b00-b2b8-a9fd7693d05a","SIL"
"37",16.8,33.6,49.6,"SEED-544-Soybeans","0f14ace3-21d9-4c37-906f-a8550179f708","L"
"38",23.47,46.23,30.3,"Cragen Jerry's Place - JP North Levee","0f1f46e8-3f94-4633-9938-f34c3df6f152","L"
"39",28.4,61.6,10,"home 141","0f5822e7-4ae3-4561-8886-b9b12233e805","SICL"
"40",28.48,63.81,7.71,"house","1030ed48-00e8-4b2c-9cb6-0c5c394845d4","SICL"
"41",35.8233333333333,45.4933333333333,18.6833333333333,"Dawson Farms - 2016 Doug C","10806b3d-1c52-45ab-8ed7-0ec2f32beb6f","SICL"
"42",10,23.8383838383838,66.1616161616162,"pnd","10b16d29-10ec-49b3-b157-789b818c5ef7","SL"
"43",21,51.5,27.5,"SEED-516-Soybeans","10cb8fda-d60c-4afb-a0e8-feb3c113b017","SIL"
"44",31.77,60.46,7.77,"west field","10f55fe0-5e0c-4176-8ef0-ea3fddb36719","SICL"
"45",28.48,63.81,7.71,"house","119e62d2-40de-40ef-b60d-b8644e9387de","SICL"
"46",31,60,9,"Rockville 80","123ffa01-4a5b-48b9-8082-6d12e5613dc0","SICL"
"47",13.5757575757576,30.010101010101,56.4141414141414,"SEED-517-Soybeans","1260061f-f6a5-4fbf-932b-89dc53e9161f","SL"
"48",18,77,5,"1-000393acfield","128b4e28-dc2f-4402-9662-f005e8c26643","SIL"
"49",16.8,33.6,49.6,"SEED-544-Soybeans","129f7e22-5330-4b9f-82fe-537162e32637","L"
"50",23.01,69.87,7.12,"CrabtreeField3","13a3003a-0629-49bf-a10d-18458492c858","SIL"
"51",26.8,69.2,4,"Maytown Buildings_NO Product_1_poly","13af5453-93cd-4b2c-aa00-2f76d4fd1e6c","SIL"
"52",28.9,67.6,3.5,"north bins","1400e613-4507-40ea-8355-9a788fd0bfde","SICL"
"53",22,50.5,27.5,"SEED-516-Soybeans","1482c0f1-0f35-4e08-bfc2-68cf36415f8a","SIL"
"54",28.9,67.6,3.5,"north bins","14b72536-2e03-4354-ac8b-724029985dca","SICL"
"55",13.7,30.55,55.75,"523 clone","14feb1bd-3f37-4623-a01f-34bf48a35752","SL"
"56",13.45,77.1,9.45,"21-000128creek","16fa4363-826c-4426-a8cd-6e0598ad81bd","SIL"
"57",42.88,49.59,7.53,"D Durdan Arnez","170af2bb-ffc9-4864-9bf8-e9c1bc8afe0c","SIC"
"58",13.5757575757576,30.010101010101,56.4141414141414,"MCCOY, SARAH-SALLY'S S 80-Soybeans","1741ce23-2294-4993-b7d9-924d05834402","SL"
"59",30.56,64.44,5,"north bins clone","1781e43e-67be-4d38-ab12-b3eccfff1ef6","SICL"
"60",25.71,43.28,31.01,"SEED-517-Soybeans","187565f8-1639-488c-b438-99c360b87340","L"
"61",27.72,40.76,31.52,"Hamblock South Field","1925510d-6cf0-4d08-93a1-c6a2fe91b0f7","CL"
"62",12.8,40.2,47,"3-4-5","19382d7e-b2c9-4e5e-ac97-c9ea0b208cbc","L"
"63",10,23.8383838383838,66.1616161616162,"pnd","19576471-67d2-431a-b911-e41b1a637663","SL"
"64",17.5733333333333,74.76,7.66666666666667,"21-000128creek","19620072-1831-475f-9267-9e4f2f5c4374","SIL"
"65",24.0233333333333,58.2266666666667,17.75,"field-ne-001","1aa6a8cb-01b3-43f8-b135-66fad3ac5d79","SIL"
"66",22.4,41.6,36,"523 clone","1af34092-a541-46b6-9f53-d8a833c08951","L"
"67",27.65,47.145,25.205,"Stan Steed_Stan's_East of Bins_2019_264L4_1","1b53a228-daca-43e5-ba1d-256fc9e44993","CL"
"68",23.16,71.84,5,"Burrus Seed Farms - BMN  - Boundary","1b59c251-6e8b-440d-8c53-447c388de124","SIL"
"69",11.34,21.34,67.32,"523 clone","1bb7666c-49ce-47b3-9a2c-72ff79464756","SL"
"70",38.9466666666667,47.7233333333333,13.33,"Stan Steed_Stan's_East of Bins_2019_264L4_1","1bd4a493-f7bd-4b7c-8b74-5b51286d1dbe","SICL"
"71",21.375,37.79,40.835,"Home Farm West","1c29be54-9367-4123-9eca-bff5ce11ccbb","L"
"72",20.7234042553191,74.2765957446808,5,"haines","1daa8e6a-2243-429e-8936-728ae621dffc","SIL"
"73",35.8233333333333,45.4933333333333,18.6833333333333,"Matthew King_Two Daisy Farm_North Field_2018_6365AM_1","1df06bb9-6db3-4992-99cf-c016046d96a3","SICL"
"74",20.505,34.51,44.985,"yale","1f0ad22a-6f03-4767-80ac-33daa0edc180","L"
"75",16.8,33.6,49.6,"SEED-544-Soybeans","1f1bb9d9-3853-4b63-b90d-5fe5a1738335","L"
"76",28.48,63.81,7.71,"house","1fe90826-e610-45d2-9ada-101582cb7e6a","SICL"
"77",20.5,54.12,25.38,"haines","212830da-3de9-4509-a060-c5744d4d4c24","SIL"
"78",21.36,40.52,38.12,"SEED-516-Soybeans","21457f16-6d55-430e-bcb9-073c33cc1066","L"
"79",2,3,95,"523 clone","219fa7e3-de33-4b0e-977d-2f819e12d3a7","S"
"80",29.1919191919192,65.8080808080808,5,"schable","22fb17de-3470-4e29-bcb0-507dd008485d","SICL"
"81",22.4,41.6,36,"YUSUF-MAIN-YUSUF MAIN-W OF RD-Soybeans","23303c88-dbc0-4e95-ab35-a4e18a32e23a","L"
"82",23.16,71.84,5,"Burrus Seed Farms - BMN  - Boundary","2353ed66-d3b0-4890-aa1f-f1a16d09717a","SIL"
"83",18,71,11,"StephenFarms_BradKuegel","244c8ffb-6f43-4082-94db-ddb7f8498f6f","SIL"
"84",19,77,4,"Home farm","24c3a115-cceb-4fa8-912b-424f6ffbfd45","SIL"
"85",8.86666666666667,14.7733333333333,76.36,"Hulmes South Big Pivot Harvest","26588f3b-c554-4fdb-8157-70eaeda7ece3","SL"
"86",11.34,21.34,67.32,"523 clone","26594ee8-b1bb-4557-a687-d0cb5b39ecf0","SL"
"87",16.8,33.6,49.6,"SEED-544-Soybeans","272c2e60-7398-418d-8f14-b4fe6bdd0e56","L"
"88",21.2323232323232,38.3030303030303,40.4646464646465,"pnd","274fca21-b5cb-439b-a669-a107442e540d","L"
"89",22.6,41.06,36.34,"pnd","275e6be4-c2c2-4332-9ff5-009182b386a2","L"
"90",26.8,69.2,4,"Maytown North 80_NO Product_1_poly","27cd75c1-3f75-402c-b281-a654e0bdfd6d","SIL"
"91",24.5,58.5,17,"SEED-516-Soybeans","287c4c8a-5143-40c1-b122-ea181aa83987","SIL"
"92",23.3,52.49,24.21,"SEED-516-Soybeans","292f0743-d9ca-48bb-b67b-11310af8dd8d","SIL"
"93",4.58,10.94,84.48,"Smith Eiler North Ditch","295b1823-e22c-4a14-ad0f-1a75575fb9f3","LS"
"94",23.1852941176471,72.5147058823529,4.3,"north","29ee1bd3-46ca-4189-817a-fc81e1645388","SIL"
"95",28.115,67.62,4.265,"Dorris 80","2b58c546-02c6-423f-9397-e4c41cc80128","SICL"
"96",27.62,69.38,3,"Rose's Highway_NO Product_1_poly","2bd7247c-c4b3-4f77-8875-be208385b618","SICL"
"97",13.7,30.55,55.75,"523 clone","2bfd9a71-59f6-4fad-a064-e817d433e4c7","SL"
"98",20.7234042553191,74.2765957446808,5,"haines","2c06ed87-ba97-463b-ada5-18ab9a7b8b31","SIL"
"99",27.72,40.76,31.52,"Route 40","2c7ef8a1-3edc-4b6c-96b8-17b29d3bcee4","CL"
"100",18,71,11,"StephenFarms_KaelinFarm","2c906d4c-b30e-453e-8167-007ebb3dd5ed","SIL"
"101",15,76,9,"Burrus Seed Farms - OS  - Boundary","2c90d708-9f09-4361-99e1-9ffb14f8c786","SIL"
"102",26.8,69.2,4,"Roses south of creek","2c9c0f94-ef60-4a74-96d5-249112c86370","SIL"
"103",27.4,68.6,4,"Home farm","2cdbedc5-7a0e-4b89-88bb-390b8a9285f3","SIL"
"104",4.58,10.94,84.48,"Smith Eiler North Ditch","2d0f98a5-f54e-4e5c-8e6a-dd3e41a7dbc9","LS"
"105",24.88,43.68,31.44,"Buds house","2d1a27de-5c30-467e-81d5-0d1cd80d914a","L"
"106",28.48,63.81,7.71,"scn","2d1cb83b-a3ea-426c-8b37-b4e220ff98f5","SICL"
"107",4.7,8.4,86.9,"MCCOY, SARAH-SALLY'S S 80-Soybeans","2d54c347-44c1-4832-920d-4e9e277c7396","LS"
"108",22.24,50.866,26.894,"pnd","2d819ce7-33b7-4608-8d83-3ff424ed72bf","SIL"
"109",28.34,68.16,3.5,"Kaul East","2ddb2405-9f65-4b20-a788-0292b460c7b6","SICL"
"110",23.75,56.2,20.05,"field-ne-001","2e45cd1e-8466-4da0-adfd-7985d7d2d32e","SIL"
"111",16.8,33.6,49.6,"Hamblock South Field","2eac2c00-f799-4dce-80b5-ea9ba756af7d","L"
"112",23.1852941176471,72.5147058823529,4.3,"south","2f1413c2-e195-4b28-abd2-83ef57e6d780","SIL"
"113",31,34,35,"Burrus Seed Farms - OS  - Boundary","2fa520e0-beda-4c86-b509-2e3896199c62","CL"
"114",27.4,68.6,4,"turner south","2fdc911d-c540-4dcd-9be9-e3b6ccfba8cf","SIL"
"115",27.72,40.76,31.52,"Sallys building","2fea1275-5812-43ad-9517-bbc3e5a25860","CL"
"116",15,76,9,"Burrus Seed Farms - OS  - Boundary","30d2b4e2-28e0-46f9-b812-428b7f9c72d7","SIL"
"117",12,67.3,20.7,"Home Farm West","313d8558-e1d2-46b2-b292-2d7ebebd4190","SIL"
"118",35.05,59.95,5,"Coletta Durdan Shop","31fadb9c-bf1c-4c97-a4e5-41794d7f9f31","SICL"
"119",23.58,46.85,29.57,"LT Till - Corn-Bean No Till","322502aa-f659-4970-a0d7-f1c441347d09","L"
"120",39,53,8,"Korb West 80","3265e0a9-92a3-4cd1-81a8-1cf43d76ad12","SICL"
"121",13.7,30.55,55.75,"YUSUF-MAIN-YUSUF MAIN-W OF RD-Soybeans","3305c371-7118-4de7-8b85-d3205e6a2adb","SL"
"122",31.97,66.291,1.739,"north bins","333ea0ca-e65c-41fe-9bac-4526890be145","SICL"
"123",27.72,40.76,31.52,"Route 40 Midell Farm","334a4c55-ff59-4235-ba70-6c9991d34333","CL"
"124",28.525,69.145,2.33,"cental il college","33d9ea42-41d3-4943-b44d-8dd028131bdd","SICL"
"125",16.8,33.6,49.6,"Hamblock South Field","344179eb-478f-4cb1-8626-9322f9164f0f","L"
"126",13.45,77.1,9.45,"1-000393acfield","34ebd1b8-fb1c-4bcf-bd72-cdd212dac1f4","SIL"
"127",23.1852941176471,72.5147058823529,4.3,"north","34f5b880-9759-4207-b02a-031cac2db24f","SIL"
"128",27.04,59.96,13,"home 141","36d97ad0-2a41-4b91-bb16-20ab4c44b7cd","SIL"
"129",15,76,9,"Burrus Seed Farms - HWT  - Boundary","373f303b-18a9-40e6-aa27-1560b84e50f8","SIL"
"130",27.72,40.76,31.52,"YUSUF-MAIN-YUSUF MAIN-W OF RD-Soybeans","37b90f26-66d6-4903-a55c-c2e3a5dc8a6a","CL"
"131",16.8,33.6,49.6,"SEED-544-Soybeans","37f2cd32-b021-4be7-ba03-e356db4c11ef","L"
"132",33.020202020202,55.1111111111111,11.8686868686869,"marv jacobsons","38183f9d-b52d-4e0d-ba7c-ade7cd354a93","SICL"
"133",17.5,41.5,41,"Essary-CherryFarms_JimBob_JimBob1","38258f7b-568f-4124-adf5-7e6f81c2bb90","L"
"134",22.4,41.6,36,"YUSUF-MAIN-YUSUF MAIN-W OF RD-Soybeans","382cda15-c693-46a4-aa37-26a0c76b991d","L"
"135",18,71,11,"StephenFarms_BradKuegel","3846f4fc-899e-4e5e-8b0d-0889dee06b81","SIL"
"136",28.48,63.81,7.71,"house","3850645d-22f9-4708-8a0c-142709b4074e","SICL"
"137",19,74,7,"StephenFarms_BradKuegel","3b42cf64-36cd-4809-b477-efd8b5b8efea","SIL"
"138",28.48,63.81,7.71,"haines","3bc6570c-ceba-42be-885a-5c4eb3caa17d","SICL"
"139",38.9466666666667,47.7233333333333,13.33,"Dawson Farms - 2016 Doug C","3cc14d3b-e4de-45e1-a72a-641b4d7dcf2b","SICL"
"140",18,71,11,"StephenFarms_BradKuegel","3d47a2e0-7f42-4540-96a7-ed7ce684baab","SIL"
"141",22,50.5,27.5,"Sallys building","3dd7529d-e6f7-4e7b-821a-42de5e62e277","SIL"
"142",11.34,21.34,67.32,"523 clone","3dfc4dfc-31af-4945-9c7d-9b9011a00044","SL"
"143",31.97,66.291,1.739,"north bins","3e4177a5-de31-4f06-9567-015b06d13328","SICL"
"144",23.16,58.94,17.9,"Baired","3ebe983d-04bb-4c38-b2b7-73c05dac3232","SIL"
"145",31,61,8,"D Durdan Arnez","3f3311d2-4c18-44d3-b51f-a498bead97a4","SICL"
"146",2,3,95,"YUSUF-MAIN-YUSUF MAIN-W OF RD-Soybeans","3f80abe3-ef91-4d08-b270-f66b6d1cc58f","S"
"147",13.45,77.1,9.45,"1-000814ac","3fc470d3-485f-4508-ac71-4730e266eeb8","SIL"
"148",26.8,69.2,4,"Hahnaman","3fd039f6-1cb6-450e-aafd-8a616f2e1b8a","SIL"
"149",13.5757575757576,30.010101010101,56.4141414141414,"YUSUF-MAIN-YUSUF MAIN-W OF RD-Soybeans","405c3134-1cd7-4cc2-9e98-13817f036ff8","SL"
"150",18.7316666666667,69.305,11.9633333333333,"BHackman Brian Hackman - Brian House","40b56b59-42a3-44cb-a46d-9ce219373c9d","SIL"
"151",4.36,10.52,85.12,"Richards","40f2544e-40b5-43d2-a630-35986048adcb","LS"
"152",13.7,30.55,55.75,"HAEFNER-HAEFNER-Corn","4156f433-3827-4d3d-8297-1efd4cde827e","SL"
"153",41.954,40.508,17.538,"Husteds South","41729d98-0232-4861-bfef-018453da4c53","SIC"
"154",6.46,10.32,83.22,"Smith Eiler North Ditch","421090aa-a904-4e94-a1eb-923f0bd6043f","LS"
"155",27.72,40.76,31.52,"Hamblock North Field","42173ec1-bef2-4bae-98f4-65287fe9804c","CL"
"156",31.12,62.88,6,"Dorris 80","42ac89ef-3231-4bad-80f5-835fdced4edc","SICL"
"157",4,15,81,"Smith Shrader East Yield","42d19275-89cf-494e-92a5-5e4597dae803","LS"
"158",33.37,61.63,5,"Killen N 64","4325a2c3-22ce-41d4-b2f0-ad0162170a65","SICL"
"159",27.72,40.76,31.52,"Hamblock North Field","4334490f-a516-426a-bc67-1663a5b333f7","CL"
"160",28.48,63.81,7.71,"house","43c9116a-cae1-4f10-b8e1-40a4d0ff7508","SICL"
"161",28.115,67.62,4.265,"Dorris 80","43f1b1ee-db88-4fad-a25a-85b0491efc47","SICL"
"162",31.97,66.291,1.739,"west field","44480bda-b79b-4637-a501-1caa73864f0f","SICL"
"163",38.9466666666667,47.7233333333333,13.33,"Matthew King_Two Daisy Farm_North Field_2018_6365AM_1","4450fb0d-1b8d-428a-9dec-4dab38f613c1","SICL"
"164",20.505,34.51,44.985,"yale","44b22cc4-5c6f-471b-aebb-7931cffd5c5a","L"
"165",24.5,58.5,17,"SEED-516-Soybeans","45d22b99-506a-4f2d-b993-cd91ccb3230e","SIL"
"166",41.954,40.508,17.538,"Rosener","45d751a7-fb52-4631-8bf1-abc5b9f2ac9e","SIC"
"167",19,77,4,"Home farm","45f77925-7281-41e9-8eec-001e0db0e8e9","SIL"
"168",30.69,64.64,4.67,"east 80","46bceb78-2d64-4d9a-9701-5a134fa793b8","SICL"
"169",30.56,64.44,5,"north bins","46c7d8c9-b3f9-4488-97da-a840909ad525","SICL"
"170",28.34,68.16,3.5,"turner south","46f2e6a3-bc15-4dca-afd2-33fcf521673b","SICL"
"171",28.48,63.81,7.71,"house","46f8b7a0-1eb5-4244-833c-e18cea068fd5","SICL"
"172",17,40,43,"Vandyke","47076d02-b674-431d-97c2-80b85e6932a4","L"
"173",13.45,77.1,9.45,"1-00087ac","47241262-1306-4e3c-827f-25fe60a04d79","SIL"
"174",13.5757575757576,30.010101010101,56.4141414141414,"523 clone","482628c9-c9c9-4277-ad73-c122a23dcb6c","SL"
"175",27.65,47.145,25.205,"James Rodman_Courtney's_Big Field_2019_296L4_1","4856916a-2fac-4262-a98d-c66fbc36547c","CL"
"176",22.4,41.6,36,"523 clone","48581b21-1e80-4794-a849-67afbf6743fe","L"
"177",23.1852941176471,72.5147058823529,4.3,"south","48690395-c48a-4b46-ae71-4315dc9b64c9","SIL"
"178",28.34,68.16,3.5,"Hahnaman","488c6b05-de6a-4504-b8bf-c3a50f00ab87","SICL"
"179",28.6,64.1,7.3,"west field","48a96aa8-3a7b-4e82-9979-2f4d0a7b44ba","SICL"
"180",24.5,58.5,17,"Sallys building","48adc12b-cfe7-4835-9879-ec838c2e2e58","SIL"
"181",26.8,69.2,4,"shiley north of 64","48c82497-28b4-4406-9324-f3d9265c7acd","SIL"
"182",29.7,62.6,7.7,"home 141","49adb783-b948-4f5f-a050-54e0f803607d","SICL"
"183",21,51.5,27.5,"Sallys building","4a10a7ff-a9cb-4630-bfe7-9352e08e2740","SIL"
"184",23.75,56.2,20.05,"field-ne-001","4a2ddb41-9bd2-48f8-9331-667bce2685a8","SIL"
"185",28.34,68.16,3.5,"turner south","4a30be86-e82d-4b49-a4b8-32a0127acc60","SICL"
"186",14.85,40.55,44.6,"corn 19-02 ","4a4f1b02-c01f-4646-8602-eed52ac8e9af","L"
"187",37.69,48.46,13.85,"Sweet - Sweet","4ac87ead-406a-4e1c-8171-665cc6eef75d","SICL"
"188",27.72,40.76,31.52,"Hamblock South Field","4b17c9d4-a08f-4d09-9d3e-bac4f5f24e82","CL"
"189",20.505,34.51,44.985,"brideson","4c29d742-fa56-443c-9573-b65e01133636","L"
"190",26.8,69.2,4,"Rose's Highway_NO Product_1_poly","4c634151-fac1-4a3b-a8e1-f0e8fb04bc6d","SIL"
"191",26.75,60.75,12.5,"field-ne-001","4c95d10e-3630-4133-849c-1a4b093e6665","SIL"
"192",18.5,43.5,38,"Essary-CherryFarms_JimBob_JimBob1","4cac346c-b39e-44fc-b8a6-c0981f5469ee","L"
"193",21.375,37.79,40.835,"Home Farm West","4cb83208-cb2d-4101-971e-718c944768b9","L"
"194",13.45,77.1,9.45,"21-000124creek","4cf360fa-951e-48d7-b4a1-d7550dee8832","SIL"
"195",24.38,68.02,7.6,"house","4d7b10eb-ad72-4161-baa9-9767af6629ec","SIL"
"196",27.58,65.94,6.48,"wales","4e269613-8de1-42ea-8223-6332732a8a68","SICL"
"197",22.3465346534653,31.4643564356436,46.1891089108911,"airport","4f933968-dc4e-4ae7-988a-b36fe4bd7a5f","L"
"198",19.86,73.14,7,"StephenFarms_KaelinFarm","506e4773-8173-4b0b-9b54-f8495db0a919","SIL"
"199",27.72,40.76,31.52,"Hamblock North Field","50e563af-fd1b-4f45-b626-7ed83522bcca","CL"
"200",28.115,67.62,4.265,"Dorris 80","50f6034f-73dc-47e1-adb3-ccdb996da94d","SICL"
"201",22,50.5,27.5,"SEED-516-Soybeans","512a85a1-a848-47fb-84e4-06cc2c2c80be","SIL"
"202",30.56,64.44,5,"north bins","512cf637-5980-43be-a018-4db7cd4ab4b0","SICL"
"203",4.31427609427609,14.8271043771044,80.8586195286195,"Kelsey Home East Harvest","51a9a137-1246-4372-8e74-445917a756e7","LS"
"204",31.97,66.291,1.739,"north bins","5215cecb-e98b-4966-a6df-c34c72d4ca8b","SICL"
"205",30.69,64.64,4.67,"west 85","522c5f41-45e2-436b-b507-f74653cab9b5","SICL"
"206",27.72,40.76,31.52,"Route 40 Midell Farm","5271f020-1a88-44d9-90e2-a0ffe1f12a79","CL"
"207",30.69,64.64,4.67,"north bins","52f52f28-ffdb-4e00-844c-2308b40e557f","SICL"
"208",21.2323232323232,38.3030303030303,40.4646464646465,"pnd","54604b29-7694-4297-88d8-e18f22b9e4e3","L"
"209",29.34,69.66,1,"Kaul East","54e34656-c44a-4c2e-8bef-30b1ede04093","SICL"
"210",4.14141414141414,13.5656565656566,82.2929292929293,"Kelsey Home East Harvest","5534810e-223e-4600-8197-0c67322bc858","LS"
"211",13.5757575757576,30.010101010101,56.4141414141414,"523 clone","5594447d-be32-44ba-86a4-5cf8fe3e1f37","SL"
"212",27.65,47.145,25.205,"James Rodman_Courtney's_Big Field_2019_296L4_1","55b3e048-4eaf-48fb-af0a-24f42b624192","CL"
"213",27.72,40.76,31.52,"Hamblock South Field","56828ff9-f07c-4ee2-8ce5-0a30530a672e","CL"
"214",13.45,77.1,9.45,"1-0003CECILOLDBARN","569c1843-f186-44ec-88a4-39d020158c07","SIL"
"215",28.9,62.72,8.38,"Home farm","5794dae7-92e2-4122-9d42-b37251700445","SICL"
"216",22.4,41.6,36,"523 clone","58a08792-2b42-4d55-91bd-b65e454525b2","L"
"217",13.45,77.1,9.45,"1-0003little30","58c21b79-9a10-494f-8caf-68cd4f45ad4b","SIL"
"218",29.34,62.66,8,"Pine Creek","58d4df3d-01b6-487c-a566-1c54b2b2ac4e","SICL"
"219",21.375,37.79,40.835,"Home Farm West","58dc9367-8cd4-4bef-9263-fd56ce618a0b","L"
"220",10.275,14.615,75.11,"Farmington 220","58f62b9a-e526-4971-b7fc-88ec13c24b4e","SL"
"221",16.8,33.6,49.6,"526 clone","59067677-aaf6-4ddd-aa85-b2dd8321a03a","L"
"222",17.17,28.55,54.28,"Haelys","5a7a6a7f-8f30-42c4-a4b5-ab77be39c7ed","SL"
"223",28.26,40.56,31.18,"Gisser Farm - Gisser North","5a7b2ba6-66cc-4504-aeec-dd5b072fe8bd","CL"
"224",4,15,81,"Smith Shrader East Yield","5a9cfc13-513e-4231-a558-f381b5ab568e","LS"
"225",6.75,9.1245,84.1255,"field-ne-001","5ba6d8ec-89d6-4f70-b3a0-681aaa2fd132","LS"
"226",22,76,2,"StephenFarms_HomeFarm","5bed8464-2d71-4d73-aa54-402e36b5934f","SIL"
"227",28.48,63.81,7.71,"house","5c0c358b-27e2-4a7d-983b-0c51a19190ca","SICL"
"228",11.34,21.34,67.32,"523 clone","5c30e9c1-34cd-4230-9422-25887510a5b0","SL"
"229",4.66,8.32,87.02,"Haelys","5ccdb277-5455-4bce-ac75-ba7e09d62188","LS"
"230",21.29,38.24,40.47,"home north 99","5d0a3007-47c2-453d-a48a-c64ca0880ee6","L"
"231",25.065,67.135,7.8,"house","5d213e3f-ec79-4b70-a712-a14913060005","SIL"
"232",31.4991919191919,50.6979797979798,17.8028282828283,"Eldons","5d9ec559-370e-4963-aac5-ce3fdf100b9a","SICL"
"233",23.58,46.85,29.57,"fallow syndyome study","5dbe450d-d363-4d42-8976-5a676fe97d59","L"
"234",9.49,29.7,60.81,"Home farm","5df637de-3b79-40a0-93f6-e14a44ddfaac","SL"
"235",28.9,67.6,3.5,"north bins","5e61f175-07b5-4e1e-8638-942648b0684c","SICL"
"236",30.16,42.08,27.76,"Haelys","5e663007-5d49-4b5a-9ec9-9effec32b51e","CL"
"237",28.48,63.81,7.71,"house","5e6a5393-c284-4c5a-a709-a3949e5ef9ea","SICL"
"238",12.8,40.2,47,"Baired","5feb0155-d341-434a-8702-4a46ffd073c9","L"
"239",30.56,64.91,4.53,"Rose's North of Creek_NO Product_1_poly","600db29d-df77-4e3a-8865-67149f965cab","SICL"
"240",31.97,66.291,1.739,"Maytown North 80_NO Product_1_poly","603a277f-c98f-4431-aa52-fc85d137e8da","SICL"
"241",28.4,61.6,10,"home 141","627cc76d-1254-4efb-a0e7-df7f7a876214","SICL"
"242",4.58,10.94,84.48,"Smith Eiler North Ditch","62ae4ad9-4b22-4f73-b2bd-d4ee14840ff6","LS"
"243",16,76,8,"Burrus Seed Farms - HBK  - Boundary","62cb4461-47da-4232-b4ec-bfe45cd8f988","SIL"
"244",41.954,40.508,17.538,"Greg's","63bd4dcd-20f2-4370-8c57-ed91a06deb64","SIC"
"245",20.5,73.5,6,"1-000393acfield","63e566f8-bcf1-4e8b-9bfd-f95fccb5d960","SIL"
"246",19.635,40.267,40.098,"Farmington 220","64b4f4bc-eccc-4a18-929a-9de9c1bf8ff9","L"
"247",30.16,42.08,27.76,"MCCOY, SARAH-SALLY'S S 80-Soybeans","64d1c763-24ab-4df4-ab89-580b90a3316c","CL"
"248",33.020202020202,55.1111111111111,11.8686868686869,"F1","6535585e-25ab-4d56-9557-95c4fddc4686","SICL"
"249",28.525,69.145,2.33,"cental il college","65906415-58e0-48a8-b53d-7fc66918f5ae","SICL"
"250",33.020202020202,55.1111111111111,11.8686868686869,"paul jacobsons","67095115-fbd8-4ee7-a707-db7762026e64","SICL"
"251",13.45,77.1,9.45,"1-0008DARKBARNHILL","671824f7-acc7-44f7-8f09-647f0f84b655","SIL"
"252",30.69,64.64,4.67,"west 85","672623b8-15a5-4465-8237-06dd4db26d2f","SICL"
"253",24.88,43.68,31.44,"south of ditch","672eb480-8f37-43d2-afd9-9ee06a95edc9","L"
"254",23.58,46.85,29.57,"LT Till - CoC Conv Till","677f551c-438c-4596-a673-7f0691fa0d36","L"
"255",13.5757575757576,30.010101010101,56.4141414141414,"523 clone","679b5226-ad41-4f2d-9ffb-ccfa10a369a9","SL"
"256",28.48,63.81,7.71,"house","679c37f4-95b7-47d8-b8bb-7b385ea9d175","SICL"
"257",19.86,73.14,7,"StephenFarms_BradKuegel","67e381b9-123c-4f41-a5cc-70aeefe55e83","SIL"
"258",18,77,5,"1-000393acfield","68acecd3-e403-4f7d-9ef2-f81e624ce2f3","SIL"
"259",31.97,66.291,1.739,"west field","68fcc7f3-1f9c-4234-b027-24cd84f2a6f5","SICL"
"260",24.5,58.5,17,"SEED-516-Soybeans","68fddcdf-f8ad-4e73-813f-04e46adb7bb9","SIL"
"261",28.48,63.81,7.71,"house","6960fb1b-23c1-4f6a-aa29-b60b69feabee","SICL"
"262",23.58,46.85,29.57,"LT Till - CoC No Till","698fb6e8-4c91-4165-89bb-c00da4b12fc4","L"
"263",30.69,64.64,4.67,"west 85 clone","6a17ecb4-370a-4997-bd60-951b1ddfe8ae","SICL"
"264",12.8,40.2,47,"3-4-5","6a3ff1ca-9e6c-47db-84ef-85326b4852a0","L"
"265",26.8,69.2,4,"wales","6af79de7-426c-4dfa-98d9-fa62800f00d1","SIL"
"266",28.9,67.6,3.5,"north bins","6b705e16-d426-437e-9754-d8a0cd42935a","SICL"
"267",15,76,9,"Burrus Seed Farms - OS  - Boundary","6bb9f1ef-2755-48ea-a0dd-e610ca8356bf","SIL"
"268",30.69,64.64,4.67,"488 clone","6d7d655f-e38f-4ffb-93ed-c2910394a090","SICL"
"269",41.954,40.508,17.538,"Husteds South","6e1cbfaf-a0c8-4e64-b8ea-34fa7d56f050","SIC"
"270",23.58,46.85,29.57,"LT Till - CoC No Till","6ed942d1-07de-4d90-828a-fc52f63a09ba","L"
"271",30.56,64.44,5,"north bins","6f26b3b2-b1d1-4514-ba84-16b4c16e1634","SICL"
"272",13.45,77.1,9.45,"1-000840ac","6f454fa2-62d8-4cde-b48e-aae454e18611","SIL"
"273",28.48,63.81,7.71,"scn","701a40a5-e6da-454d-b32b-5a51e92f9f0d","SICL"
"274",30.69,64.64,4.67,"east 80","70ff96fd-1776-4914-895a-c937b85217cf","SICL"
"275",16,76,8,"Burrus Seed Farms - HWT  - Boundary","717a43a7-65e9-45ee-9bdb-fa3003088af1","SIL"
"276",11.47,16.41,72.12,"Smith Carlson Big Yield","71d9dc3c-db90-4205-8d44-7b3231309316","SL"
"277",11.47,16.41,72.12,"Smith Eiler North Ditch","7200dfce-a4ba-4e31-b64e-b155d10f6cbb","SL"
"278",24.38,68.02,7.6,"house","720b6126-68ca-4c74-92ec-42012ad79cb3","SIL"
"279",28.48,63.81,7.71,"house","7237855a-97e7-4667-ae1a-0ee80abb8d97","SICL"
"280",4,15,81,"Smith Shrader East Yield","7290fc98-612b-4c15-b52d-108086195089","LS"
"281",28.115,67.62,4.265,"Dorris 80","72b19706-3434-4278-87e5-aadbd524b995","SICL"
"282",38.9466666666667,47.7233333333333,13.33,"James Rodman_Courtney's_Big Field_2019_296L4_1","72d654da-5a55-4056-8140-03d999062830","SICL"
"283",25.83,49.88,24.29,"LT Till - CoC No Till","72e6e869-eeb1-4253-8d9d-a56f2919a567","L"
"284",22,71,7,"StephenFarms_BradKuegel","733b3c24-39b8-4f39-bf80-1de4ad4f4895","SIL"
"285",31,61,8,"Hamblock North Field","73f4b6c2-5a34-4c4f-b0be-9795441b148d","SICL"
"286",31.97,66.291,1.739,"Maytown Buildings_NO Product_1_poly","7437f3d0-67b5-47d0-8888-ff2bb995645c","SICL"
"287",12.8,23.8,63.4,"Gisser Farm - Gisser SE","7447dc52-df8b-4949-83bf-ff63d9afd6a5","SL"
"288",26.8,69.2,4,"Pine Creek","74508ea1-194d-4035-a289-2dfeeaa487d2","SIL"
"289",13.45,77.1,9.45,"1-000814ac","75a3b337-9234-49ed-a504-98064aeeff21","SIL"
"290",30.69,64.64,4.67,"north bins","767c675a-5a96-44e9-a5ce-cf3b41736be3","SICL"
"291",12.72,19.62,67.66,"Kelsey Cannon Harvest","76862c8a-3e9f-48c9-a7c6-037a83b5e198","SL"
"292",20.505,34.51,44.985,"yale","76eaeffb-9a4d-429e-a081-7f6e02e92032","L"
"293",26.81,55.47,17.72,"Sallys building","774b1e6a-61d1-4343-8dfb-5a3e22558f9c","SIL"
"294",26.8,69.2,4,"Sheep and Garsons","777e8e1e-a6e8-45e3-b4ea-24a0d7080f60","SIL"
"295",16.8,33.6,49.6,"BOB & WENDY Field 557","77d5fbe9-61d9-448b-a1fb-884bcf62196d","L"
"296",31.97,66.291,1.739,"west field","77e2ad8c-c23a-4c4c-b4a0-9eafcc43ad43","SICL"
"297",22,50.5,27.5,"SEED-516-Soybeans","780250d7-8c56-4105-b034-eae6939c4d93","SIL"
"298",41.954,40.508,17.538,"Rosener","78c5d577-46d8-4ff6-8d64-70d5b7af84bb","SIC"
"299",23.01,69.87,7.12,"CrabtreeField3","7918efb2-1115-4e55-938e-5e95f221afb8","SIL"
"300",14.8666666666667,25.68,59.4533333333333,"Zechiel Old Shop Harvest","794f4a3e-1ab5-488e-a74b-d7a4025d99ed","SL"
"301",25,56.6,18.4,"Home farm","7a55468c-514b-4799-b02e-a6cfc0256d4a","SIL"
"302",23.1852941176471,72.5147058823529,4.3,"south","7a707bd9-4904-4a05-b3ed-6a87c0177737","SIL"
"303",26.8,69.2,4,"Roses south of creek","7a995ae3-7121-4901-aa91-770fc2e95470","SIL"
"304",25.065,67.135,7.8,"scn","7af3aa77-df73-4f00-9e19-fb0c507445f6","SIL"
"305",19,77,4,"Home farm","7b7a6ba5-68d0-4d7d-b834-e0352f76fe4e","SIL"
"306",23.3,52.49,24.21,"Buds house","7c207039-e69d-44bf-9f16-1046c90abac9","SIL"
"307",24.38,68.02,7.6,"house","7c2be6b0-675d-427c-a215-9952c9954b96","SIL"
"308",36.345,53.985,9.67,"Sweet - Sweet","7d54301b-2c13-439f-ab51-aba6e9866d60","SICL"
"309",4.01,6.32,89.67,"Husteds South","7db66f13-21ed-447c-9e04-94dfba7261af","S"
"310",24.5,58.5,17,"SEED-516-Soybeans","7e0a67ef-daa8-4b3a-98d6-d6337b2054f3","SIL"
"311",26.05,69.95,4,"west field","7eaa7293-cbc1-477f-a0dc-fd07ffc74687","SIL"
"312",23.16,58.94,17.9,"Vandyke","7f46a268-c2c4-4225-800c-75b70eb38ac2","SIL"
"313",17.5733333333333,74.76,7.66666666666667,"21-000128creek","7f4e4866-3071-4e21-a29b-29c543d8e6d0","SIL"
"314",18,77,5,"CrabtreeField3","7fa2c8b8-d603-4c80-a368-ed7087c4e3ae","SIL"
"315",13.77,18.694,67.536,"Richards","8167e550-14f8-4731-a9a6-ccc3bf9cf5b2","SL"
"316",41.954,40.508,17.538,"Greg's","82485c35-af64-45aa-8270-6c0504e9e902","SIC"
"317",27.72,40.76,31.52,"526 clone","827c260f-be2d-41f3-bad9-0e3219df1fe3","CL"
"318",42.459,41.528,16.013,"Armbruster","8292b9d6-0f86-4cf8-932d-f1b55c600572","SIC"
"319",20.9,75.1,4,"Harvestore Hwy","82b3309a-677c-43b3-bbc6-0c5f008056fa","SIL"
"320",25.065,67.135,7.8,"house","83208fb9-a7b1-437d-855f-9500f8852466","SIL"
"321",28.525,69.145,2.33,"cental il college","841fc775-1db5-4b2a-ade7-4cc180dac410","SICL"
"322",33.020202020202,55.1111111111111,11.8686868686869,"marv jacobsons","8460146b-16b6-40ea-bd1c-0b4869653b19","SICL"
"323",27.72,40.76,31.52,"Hamblock South Field","846616d9-ef76-43cd-a49b-2adb310fb9fb","CL"
"324",24.38,68.02,7.6,"house","84f12342-8fe1-4294-8f8c-b28af999068b","SIL"
"325",22.4,41.6,36,"523 clone","85b028b2-30fb-43a0-ba19-09dc348dfa93","L"
"326",29.34,69.66,1,"South of House","864a1878-9e28-4159-9fbc-82bb03e8d952","SICL"
"327",23.58,46.85,29.57,"fallow syndyome study","86639892-283e-4c31-b677-9e1c9423692c","L"
"328",33.020202020202,55.1111111111111,11.8686868686869,"marv jacobsons","8693722b-aef4-4ebc-a0f4-7617b07a081e","SICL"
"329",22.6,41.06,36.34,"pnd","87f8fa19-e1f9-4e1d-ac89-7b2a52923864","L"
"330",28.69,67.31,4,"wales","889523c5-7a23-4bc8-ae5b-e0141db64bb3","SICL"
"331",30.16,42.08,27.76,"Haelys","88eae05b-3368-4ee0-99f7-9e08cf3a35d1","CL"
"332",13.5757575757576,30.010101010101,56.4141414141414,"Haelys","8963954b-130d-4712-a50b-f65a827e55c4","SL"
"333",25.57,69.9175,4.5125,"Moore 120","8a0786e8-5954-4442-8a83-7f99d27352b3","SIL"
"334",20.64,75.36,4,"Harvestore Hwy","8aa8f429-0b22-4ad0-bb75-4377747a5ed7","SIL"
"335",42.459,41.528,16.013,"Armbruster","8baabd98-e759-4bd2-b58b-1ad3384245e1","SIC"
"336",18,71,11,"StephenFarms_KaelinFarm","8bfe9ff7-0407-4405-bea3-666b3c2068a4","SIL"
"337",24.38,68.02,7.6,"house","8c4b9a13-42b3-46b1-ae45-2120c54e558d","SIL"
"338",26.75,60.75,12.5,"field-ne-001","8c89a847-f09e-4b62-80bd-313d0d660033","SIL"
"339",28.525,69.145,2.33,"cental il college","8cc40efc-f981-4dc8-b333-b9a94b3cda8e","SICL"
"340",28.4,61.6,10,"home 141","8d1768b2-2dad-438d-a41a-e73b21306d44","SICL"
"341",31.77,60.46,7.77,"west field","8d246ce6-d602-4856-9f93-2c66d149bd0d","SICL"
"342",31.97,66.291,1.739,"west field","8e0155c3-ffd7-4fb2-935d-1e78dde249b3","SICL"
"343",16.8,33.6,49.6,"BOB & WENDY Field 557","8ebf9f85-e089-42e5-9520-525d8a0ae6bf","L"
"344",26.8,69.2,4,"shiley north of 64","8fa1b5c3-c6ed-41fe-ad85-0ae566ff4f6c","SIL"
"345",13.45,77.1,9.45,"1-0003little30","8fb6d4a8-bfae-4a25-b7ed-5c1737121e06","SIL"
"346",13.5757575757576,30.010101010101,56.4141414141414,"YUSUF-MAIN-YUSUF MAIN-W OF RD-Soybeans","903639f8-e7d1-4339-817c-3980d3fff1ca","SL"
"347",26.8,69.2,4,"Maytown North 80_NO Product_1_poly","905a03c9-e3af-405b-98f9-56df0335bac0","SIL"
"348",23.16,71.84,5,"Burrus Seed Farms - BMN  - Boundary","90dce079-83e3-432e-b449-4000b668ae38","SIL"
"349",22,36.9,41.1,"pnd","9180175d-fc37-4d27-9ebb-24c7a03001be","L"
"350",17.5733333333333,74.76,7.66666666666667,"1-000830ac","91d51395-ca4e-460b-b742-5643d27afb77","SIL"
"351",28.48,63.81,7.71,"house","9228ec48-8565-4a63-9a1d-ce820b3d35a5","SICL"
"352",28.48,63.81,7.71,"house","92b105bd-b0f3-4af8-8c92-d09851c518cf","SICL"
"353",29.34,62.66,8,"Pine Creek","942537c8-3ce5-4b0a-ba55-ad3d33ca15ce","SICL"
"354",19,75,6,"StephenFarms_HomeFarm","9435fb9c-c87c-49d5-b6ee-678048060dde","SIL"
"355",25.065,67.135,7.8,"house","94684e01-e346-44e0-a553-5287995c59da","SIL"
"356",26.81,55.47,17.72,"SEED-516-Soybeans","94a44f3b-2c17-43ec-916e-c63cb1b115ff","SIL"
"357",13.45,77.1,9.45,"1-000318ACBYCREEK","94b914a6-bfd9-4349-82be-e29e799c4612","SIL"
"358",20.5,73.5,6,"1-0008HILLBYJAMO","94cc8fbe-bf14-4269-b5f8-58a6c52dcff6","SIL"
"359",29.3069306930693,66.3762376237624,4.31683168316832,"D Durdan Arnez","94d843ef-38a1-49bf-8068-ca955a2195db","SICL"
"360",15,76,9,"Burrus Seed Farms - OS  - Boundary","94facec0-1aa2-4cdf-b8f7-aa4cd119dd24","SIL"
"361",16.8,33.6,49.6,"SEED-544-Soybeans","956b0ae0-9b27-4739-b587-afa40dd86e8a","L"
"362",17.5733333333333,74.76,7.66666666666667,"1-0003little30","956b1fa1-8d2e-406c-b29e-2eb4d49f017a","SIL"
"363",22,50.5,27.5,"SEED-516-Soybeans","95790389-404f-4c10-be61-13908ae33a8e","SIL"
"364",28.6,64.1,7.3,"north bins","95c2e03b-40ea-4c4e-8f04-740eafab0718","SICL"
"365",16.8,33.6,49.6,"526 clone","965cc385-7761-4321-b928-4a413bd254f5","L"
"366",13.12,35.7,51.18,"Vandyke","96a93283-e849-4c4a-b3a7-7f36b02dc9ce","L"
"367",12.72,19.62,67.66,"Kelsey Cannon Harvest","96b26532-0ebf-4559-873b-625cecc0157d","SL"
"368",28.34,68.66,3,"South of House","96bd58bc-8018-41d2-8fc9-3a24d6daf0df","SICL"
"369",13.7,30.55,55.75,"523 clone","96fda453-300d-428a-9a56-0f9d2ffb3580","SL"
"370",13.45,77.1,9.45,"1-0003FIELDSBYDRIVE","980acc9d-c7dd-4d61-abb3-5790ac11ca2f","SIL"
"371",25.065,67.135,7.8,"house","98952a06-5963-46ef-bad9-4836cc538f50","SIL"
"372",28.48,63.81,7.71,"house","98d1926f-7bed-43ed-8d07-b6092fd1cc87","SICL"
"373",22.4,41.6,36,"YUSUF-MAIN-YUSUF MAIN-W OF RD-Soybeans","98db40e3-293c-4025-97a7-d2777e74a1d2","L"
"374",35.05,59.95,5,"Coletta Durdan Shop","994f6d35-1e3a-4470-bc8e-df4042c660b0","SICL"
"375",18.5,76.5,5,"1-000393acfield","996beccc-aef4-4612-a83c-f18254445483","SIL"
"376",16.8,33.6,49.6,"SEED-544-Soybeans","999dad86-c97b-4d05-ae2e-f7d377d04051","L"
"377",27.72,40.76,31.52,"Hamblock North Field","99c67a61-aadb-437b-814e-a695a087a595","CL"
"378",25.065,67.135,7.8,"house","99f5016a-e595-4a83-858f-6a8ec8d05029","SIL"
"379",11.34,21.34,67.32,"YUSUF-MAIN-YUSUF MAIN-W OF RD-Soybeans","9a955e0b-0a48-46aa-9513-162e8e3fb500","SL"
"380",28.9,67.6,3.5,"north bins","9b155322-9d10-4726-9f87-bb020f2258c0","SICL"
"381",27.65,47.145,25.205,"Stan Steed_Stan's_East of Bins_2019_264L4_1","9b8b1a2d-b146-4773-bf38-ba76664f80c1","CL"
"382",37.8,57.2,5,"north bins","9c0bf6bf-70c9-41e2-ba9d-145f23b57015","SICL"
"383",22,50.5,27.5,"SEED-516-Soybeans","9c10a448-601f-4cb1-9ba6-cdd6c5f64fc0","SIL"
"384",38.95,38.31,22.74,"Rosener","9c6bb389-f7ed-4675-bf27-dcced80ea1df","CL"
"385",41.954,40.508,17.538,"Rosener","9cba1a02-f1dd-4b2e-8771-b785bc087cf7","SIC"
"386",27.4,68.6,4,"South of House","9e3d8596-7e87-4fb3-91fb-41490670524c","SIL"
"387",25.71,43.28,31.01,"SEED-517-Soybeans","9e466b35-7ece-49b0-a209-f86e7e7ece98","L"
"388",11.47,16.41,72.12,"Smith Carlson Big Yield","9f0c5d92-d872-4ce4-9f85-55ca4bc6b543","SL"
"389",13.45,77.1,9.45,"1-0003CECILOLDBARN","9fa30daa-affb-4028-af67-0aca3fcf751c","SIL"
"390",17.5952380952381,39.2238095238095,43.1809523809524,"Home Farm West","9fabb5da-3943-456a-bc50-fe4121cc30b4","L"
"391",21,75,4,"turner south","9fdde024-83b0-4a9d-982b-3907d9939ba0","SIL"
"392",4.83854785478548,9.18171617161716,85.9797359735974,"Kelsey Cannon Harvest","a042ab39-6d13-4ae3-bb17-ef254e206217","LS"
"393",22,50.5,27.5,"SEED-516-Soybeans","a1015c2d-15e9-486e-be8e-983effef8ea3","SIL"
"394",20.505,34.51,44.985,"yale","a1b476ca-87e2-4cb9-9be1-efd7e4ebe962","L"
"395",19,75,6,"StephenFarms_HomeFarm","a1ddb7a6-3e51-4fac-9cca-203515f69856","SIL"
"396",28.115,67.62,4.265,"D Durdan Arnez","a238702a-cfc2-4d83-8a8e-ba6d50caee65","SICL"
"397",18,71,11,"StephenFarms_KaelinFarm","a24c5349-63b7-4719-bfc7-a3ec669a5183","SIL"
"398",31,61,8,"WRIGLEY-MGW-WRIGLEY-Soybeans","a2fe4789-16eb-43b0-ad67-04802a82fbff","SICL"
"399",15,76,9,"Burrus Seed Farms - HWT  - Boundary","a35d42f7-cbad-48ef-8d59-8cb934ee6f18","SIL"
"400",21.36,40.52,38.12,"Buds house","a39741ee-ead0-4d08-a400-5b571360366b","L"
"401",36.6433333333333,44.8533333333333,18.5033333333333,"Bob's North","a3c5eecf-e8f0-4423-9f8f-e16ad5209906","SICL"
"402",18,77,5,"StephenFarms_HomeFarm","a3c8f24f-3001-44d4-9366-0cf00411ef9e","SIL"
"403",2,3,95,"HAEFNER-HAEFNER-Corn","a3fbc759-df0e-40b2-91e6-8a4a841fc57b","S"
"404",16.8,33.6,49.6,"south of ditch","a40bae23-2333-42b9-8ba2-ec32e90101db","L"
"405",24.5,58.5,17,"SEED-516-Soybeans","a4a3b64f-4496-4cce-80b9-23a1125e885e","SIL"
"406",4.44,7.84,87.72,"Kelsey Cannon Harvest","a4c8871e-9aab-4079-af18-4bc3e91ec3c9","S"
"407",28.525,69.145,2.33,"cental il college","a5144c71-be53-4aae-88c0-2cb821347022","SICL"
"408",20.2,37.9,41.9,"StephenFarms_KaelinFarm","a5186553-979a-4bea-b27e-bd6d1651952b","L"
"409",30.69,64.64,4.67,"west field","a5876829-3786-4e4b-a563-9eebcc0c7e9a","SICL"
"410",27.72,40.76,31.52,"Hamblock South Field","a5a549a6-c918-4390-aaa3-8a5b608d5d58","CL"
"411",26.05,69.95,4,"west field","a5ab48c7-389b-4397-89eb-f42388ec3d83","SIL"
"412",23.58,46.85,29.57,"LT Till - Corn-Bean Conv Till","a5d1efe8-b69a-415c-a89c-d8558d0658c3","L"
"413",28.34,68.16,3.5,"South of House","a67c7a73-a145-4c4d-99a3-bbbcff09606d","SICL"
"414",27.62,69.38,3,"Maytown North 80_NO Product_1_poly","a760b73a-acab-4f31-a60e-edf13984b8f2","SICL"
"415",13.12,35.7,51.18,"Vandyke","a7f75f54-6ef6-4527-8154-39ae3288787e","L"
"416",19,75,6,"StephenFarms_HomeFarm","a7fc808d-1ddf-4766-b2fc-49cf5ee14d15","SIL"
"417",28.34,68.16,3.5,"turner south","a8551ec5-fa91-419e-9bd4-4b9e5c4d2c76","SICL"
"418",16.8,33.6,49.6,"SEED-544-Soybeans","a911773a-0399-45a5-94dd-8c3ce0500db0","L"
"419",23.54,37.66,38.8,"Cragen Jerry's Place - JP City Dump","a930813e-3e3e-48cf-a6c5-bcc4e2893062","L"
"420",18,77,5,"1-000393acfield","a991fe1b-173e-476d-a3f3-05f53775e382","SIL"
"421",18,77,5,"GriggsFarms_NeilSmith4374_12","a9f17e18-8fb2-4bdd-bc88-18def33fe952","SIL"
"422",11.34,21.34,67.32,"HAEFNER-HAEFNER-Corn","aa03000c-c1d1-4448-9d78-ebdd18e117ce","SL"
"423",19,75,6,"StephenFarms_BradKuegel","aa7070dc-4b79-4349-894c-2b6164e6763e","SIL"
"424",29.85,62.27,7.88,"field-ne-001","aac394f3-891d-4478-a8c0-e8bd9d3ade73","SICL"
"425",26.8,69.2,4,"Roses south of creek","ab16b48f-97c4-4fe9-8563-c00f605d6e04","SIL"
"426",26.8,69.2,4,"Sheep and Garsons","ac2cc435-8468-4700-9be1-9949265072af","SIL"
"427",21,51.5,27.5,"MORRISSEY, JOE-JOE MORRIS-N 40-Corn","aca317c1-e92b-4548-9b53-60eb782e2520","SIL"
"428",28.6,64.1,7.3,"488 clone","acb813da-100d-49e7-a303-1bd720fa74bc","SICL"
"429",41.954,40.508,17.538,"Husteds South","adcca313-3e73-4515-9132-1ca32926e178","SIC"
"430",16.8,33.6,49.6,"SEED-544-Soybeans","ae07ffc1-e171-4e83-b1be-916ac4db065a","L"
"431",27.4,68.6,4,"Home farm","aeae8396-4c4b-452a-91f1-354f7f8f157e","SIL"
"432",19.1,38.759,42.141,"Home Farm West","af25fe0a-690d-42ae-9354-b01bd550c07f","L"
"433",29.92,55.16,14.92,"OwlRidgeBig230-1","af260950-03a5-494b-aeeb-2c3e39733c17","SICL"
"434",31.56,63.94,4.5,"west field","afb4ce74-dd0e-4982-847b-1adf764c09fc","SICL"
"435",32.682,57.318,10,"corn 19-02 ","aff72752-27ae-4242-a6d6-0490a9d5a301","SICL"
"436",18,77,5,"StephenFarms_HomeFarm","b117eb94-a837-43a1-aeb0-88e4528d41e1","SIL"
"437",28.34,68.66,3,"Hahnaman","b17d3edd-7cbd-4c41-846c-e23e3c2b2add","SICL"
"438",23.16,71.84,5,"Burrus Seed Farms - BT Plot  - Boundary","b23cb997-e596-4fd6-a4ca-74f17d2228ca","SIL"
"439",22.3465346534653,31.4643564356436,46.1891089108911,"stevenson","b2d3cfde-058a-488b-9ebc-af861eb86497","L"
"440",35.8233333333333,45.4933333333333,18.6833333333333,"Dawson Farms - 2016 Doug C","b32f4e89-c108-4145-a3c6-3b6a42099109","SICL"
"441",18,71,11,"StephenFarms_KaelinFarm","b36a6bf3-bec9-420d-a58b-42f4d43b853e","SIL"
"442",26.8,69.2,4,"Maytown Buildings_NO Product_1_poly","b380e644-d9b6-4e3c-9ce4-07bd43d4a437","SIL"
"443",27.65,47.145,25.205,"James Rodman_Courtney's_Big Field_2019_296L4_1","b39064ea-784d-40f9-a4b6-d649c45a9d68","CL"
"444",23,45,32,"rawson","b3a22bf1-5854-4623-a5a1-271c776da4f8","L"
"445",24,66,10,"Don Masterson - Don - Mont 09","b4cc9f2a-14fb-450a-8bdb-74ea9a845759","SIL"
"446",24.0233333333333,58.2266666666667,17.75,"field-ne-001","b529f6c9-a77e-44e6-912a-8dde686e36ac","SIL"
"447",18.5,43.5,38,"Essary-CherryFarms_JimBob_JimBob1","b579e5dd-fde9-40ff-8018-395b0845438e","L"
"448",28.6,64.1,7.3,"west 85","b69c5752-fe8d-47fa-abdd-8fda1fc0c1ac","SICL"
"449",11.47,16.41,72.12,"Smith Shrader East Yield","b6e3ef12-3784-4809-adf3-aa5b8f297d6f","SL"
"450",28.6,64.1,7.3,"west 85 clone","b7220c72-95ad-4f0b-b2aa-7bec58afac1b","SICL"
"451",13.45,77.1,9.45,"1-000393acfield","b820c24c-0490-4618-9337-c4c6262d9588","SIL"
"452",39,53,8,"Korb West 80","b865fd50-8352-4c35-ade8-41fb885b4df6","SICL"
"453",27.71,47.52,24.77,"Korb West 80","b882384c-9d54-4264-a53c-cf93b5d2741e","CL"
"454",20.81,49.365,29.825,"field-ne-001","b8a6631a-937b-4742-ad17-b97b82f31dc1","L"
"455",13.45,77.1,9.45,"1-000318ACBYCREEK","b9319339-dfa5-405e-849f-25f31fc0a037","SIL"
"456",32.15,40.4533333333333,27.3966666666667,"Armbruster","b9a747e5-f72f-4ea2-bef8-f16fa07eb069","CL"
"457",23.58,46.85,29.57,"LT Till - Corn-Bean Conv Till","ba578d54-287f-4d35-8daa-f4748a649f04","L"
"458",13.45,77.1,9.45,"1-0008NEXTTOROBERT","ba9f2a85-fdd1-4a9c-b6d6-7cf5a9ddc1b4","SIL"
"459",5,5.1,89.9,"field-ne-001","bb8aa0e9-a5ef-4213-8947-8fdfea962c94","S"
"460",27.62,69.38,3,"Johnson . ","bbf11abe-a6d1-43e4-b9fc-abeaee2f3b36","SICL"
"461",27.62,69.38,3,"Maytown Buildings_NO Product_1_poly","bc5a7aad-6bb7-4257-a231-571dedad46a1","SICL"
"462",28.9,62.72,8.38,"Home farm","bc7e8f3c-cc3b-4271-bbdd-31bc58dfff55","SICL"
"463",26.8,69.2,4,"turner south","bca9e94a-594f-4e79-86d9-2433d0eafaeb","SIL"
"464",41.954,40.508,17.538,"Husteds South","bceedde5-a254-406f-8a37-3bb14626aa7f","SIC"
"465",11.34,21.34,67.32,"YUSUF-MAIN-YUSUF MAIN-W OF RD-Soybeans","bd7cecf3-1dc3-4870-88da-0da1509906b5","SL"
"466",13.5757575757576,30.010101010101,56.4141414141414,"YUSUF-MAIN-YUSUF MAIN-W OF RD-Soybeans","bdaea2ec-67c8-43ef-8bc1-401c3aa941e0","SL"
"467",4.31427609427609,14.8271043771044,80.8586195286195,"Kelsey Home East Harvest","bee50f72-8559-4dff-b580-b5c5d00542dd","LS"
"468",16.8,33.6,49.6,"SEED-544-Soybeans","bf2942f2-1e5d-4845-8ff3-6e2edc28d1ae","L"
"469",24.5,58.5,17,"SEED-516-Soybeans","bf577ca3-3336-418a-a30e-2e97ecd2cc5e","SIL"
"470",27.72,40.76,31.52,"Sallys building","bfa8471f-9a9d-48f4-bccb-c97dc6238af3","CL"
"471",38.9466666666667,47.7233333333333,13.33,"James Rodman_Courtney's_Big Field_2019_296L4_1","bfee28b4-a635-4918-9f95-faf71f084b5c","SICL"
"472",11.34,21.34,67.32,"YUSUF-MAIN-YUSUF MAIN-W OF RD-Soybeans","c055072e-513e-44ac-a8fc-e0dc7328f457","SL"
"473",28.48,63.81,7.71,"house","c07d3b1e-e48e-45c7-ac1e-4b9a281b2e0d","SICL"
"474",11.34,21.34,67.32,"YUSUF-MAIN-YUSUF MAIN-W OF RD-Soybeans","c0aaf253-9534-48ea-bb5a-5d1ef0d60696","SL"
"475",1,3,96,"Smith Scott South Yield","c0c39ec0-7c24-41f0-b886-7d00fa0fa1d5","S"
"476",28.6,64.1,7.3,"west field","c0f3c532-ee0d-468c-a68c-4e5836ffa3b2","SICL"
"477",31.77,60.46,7.77,"519 clone","c148eaa7-9598-4137-a1c3-1039e6e94625","SICL"
"478",41.74,36.64,21.62,"Greg's","c2390f50-0d9a-4ce5-a63a-33a1cf483b11","C"
"479",13.5757575757576,30.010101010101,56.4141414141414,"YUSUF-MAIN-YUSUF MAIN-W OF RD-Soybeans","c2bf76e8-86f3-4c04-9a78-81da15aaa0fb","SL"
"480",29.34,69.66,1,"Kaul East","c39b653c-193e-496c-a27c-c827236454c1","SICL"
"481",26.8,69.2,4,"Hahnaman","c428cfb2-aa56-4165-8063-8ac40d3a855f","SIL"
"482",27.72,40.76,31.52,"526 clone","c51f08bf-0280-4245-8b44-e23f1c406e6b","CL"
"483",16.8,33.6,49.6,"BOB & WENDY Field 557","c56937bd-f0ac-4c08-85e5-c596f5111c23","L"
"484",28.6,64.1,7.3,"519 clone","c5b6d1d0-f345-48cc-b988-a4ba6a5c41cf","SICL"
"485",26.8,69.2,4,"Johnson . ","c5bcdecf-5ef3-45da-b43f-ffdd24daff18","SIL"
"486",30.16,42.08,27.76,"Haelys","c5fb4b2a-d510-4bba-8956-2a45fbc88f1e","CL"
"487",31.4991919191919,50.6979797979798,17.8028282828283,"Eldons","c72b12a2-85de-4923-9fa7-5058363ff324","SICL"
"488",11.34,21.34,67.32,"523 clone","c7310683-e44f-40c1-bb4d-22f8ba80e234","SL"
"489",25.065,67.135,7.8,"house","c7f5c2c6-8d52-4f6f-a0dc-a579f78d1d90","SIL"
"490",35.05,59.95,5,"Moore 80","c8d7204e-e862-4eaf-a873-13a7c700b483","SICL"
"491",23.58,46.85,29.57,"fallow syndyome study","c90f8749-32ea-4942-9cb9-b9a7a1b4e7d3","L"
"492",18.5,43.5,38,"Essary-CherryFarms_JimBob_JimBob1","c921244d-1bdc-4e96-930b-c4fe086cbdf3","L"
"493",30.69,64.64,4.67,"west 85","c951bda9-5273-43bf-9baf-11482eceaadb","SICL"
"494",4,15,81,"Smith Shrader East Yield","cad980cf-17f6-4bdd-8f34-24d71712c166","LS"
"495",27.72,40.76,31.52,"Hamblock South Field","cadd0d84-bd0d-41ba-a31a-d2980a6e4ba4","CL"
"496",16.59,28.42,54.99,"Zechiel McGee House Harvest","cb01ae7f-7771-43bf-9b87-699c9f63831a","SL"
"497",25.83,49.88,24.29,"LT Till - CoC Conv Till","cb360722-5631-46ba-bcf7-8061a7de8bc8","L"
"498",28.6,64.1,7.3,"488 clone","cb386e02-7518-41d3-abab-b1cf5c4a2cbf","SICL"
"499",8.86666666666667,14.7733333333333,76.36,"Hulmes South Big Pivot Harvest","cc0d4ecc-3240-4bed-9be9-065fb43f9026","SL"
"500",16,76,8,"Burrus Seed Farms - HBK  - Boundary","cc10f270-c467-48ae-848f-810bf9a5db73","SIL"
"501",31.77,60.46,7.77,"Killen N 64","cc6a6d99-c879-46e4-82e2-a67cd62aaa93","SICL"
"502",41.954,40.508,17.538,"Rosener","ccec64d4-752f-4717-8955-6294acfafac7","SIC"
"503",18.7,32.22,49.08,"Smith Carlson Big Yield","ccf8a64d-4260-423d-b5a0-7640a71ca35b","L"
"504",26.8,69.2,4,"north bins","ccfa3176-453c-4c34-afe8-3c25bae6691e","SIL"
"505",31.77,60.46,7.77,"519 clone","cd4be66d-a66a-4af4-b746-ba10c44e4bb9","SICL"
"506",24.38,68.02,7.6,"house","cd72b04c-59c6-4f5b-9b53-f01193bdd574","SIL"
"507",30.69,64.64,4.67,"east 80","ce3d3c70-7f27-4730-b355-8bce7126e7b7","SICL"
"508",31,60,9,"Rockville 80","cea81270-b572-4f4a-b124-58c18e044bc8","SICL"
"509",31.97,66.291,1.739,"east 80","cea82896-f3e9-4515-82f3-35487855e834","SICL"
"510",38.25,56.75,5,"Moore 80","cf222298-6cee-4e61-8543-1621fe89ab05","SICL"
"511",32.4545454545455,43.6363636363636,23.9090909090909,"yale","cf6136bf-9daa-45e6-a129-d1db03a8b26f","CL"
"512",26.81,55.47,17.72,"SEED-516-Soybeans","cf684722-020b-44c8-898c-0ce404692a36","SIL"
"513",26.8,69.2,4,"turner south","d07137e6-465c-4438-853d-b5cb4d92ed43","SIL"
"514",21,51.5,27.5,"SEED-517-Soybeans","d08d4deb-b9e1-44fe-ab99-13a1defd2562","SIL"
"515",27.72,40.76,31.52,"Hamblock South Field","d169388a-2f3a-48df-8690-22ad1cd4f37c","CL"
"516",12.8,40.2,47,"3-4-5","d1a95147-84fd-4f2d-ac69-0ac4e3856180","L"
"517",4,15,81,"Smith Shrader East Yield","d2087a0d-ea7e-44aa-b797-c6272e8e37bb","LS"
"518",27.72,40.76,31.52,"Route 40","d213ef9b-5959-4c59-8402-7d9b6b7ef875","CL"
"519",26.8,69.2,4,"Rose's North of Creek_NO Product_1_poly","d28daef5-7cc7-4064-816c-53c333529ace","SIL"
"520",13.5757575757576,30.010101010101,56.4141414141414,"HAEFNER-HAEFNER-Corn","d2cf35e6-ffd6-4c55-b788-0d28d9b4fbad","SL"
"521",14.5,68.5,17,"BHackman Brian Hackman - Brian House","d2f40ddb-bc31-49e5-a387-a2de8231fb52","SIL"
"522",34.1,57.37,8.53,"Sweet - Sweet","d3178d62-af8f-46a0-af9b-f3f858a45a11","SICL"
"523",26.8,69.2,4,"Johnson . ","d363315c-c074-40d1-adf6-9992b0c3af6d","SIL"
"524",17.17,28.55,54.28,"Haelys","d45513b1-7af7-490e-a3fc-53df6ae6d745","SL"
"525",30.69,64.64,4.67,"north bins","d46b410a-4832-42a8-b454-1e97d80402f5","SICL"
"526",17.5733333333333,74.76,7.66666666666667,"1-0003little30","d4f0d200-7e21-4b0c-982d-4199fd777bed","SIL"
"527",29.3069306930693,66.3762376237624,4.31683168316832,"D Durdan Arnez","d5d8948b-0087-4060-9dd4-cd44abf5ab65","SICL"
"528",20.505,34.51,44.985,"yale","d5f3df40-82e7-4f23-ba49-0c275f2bdeb3","L"
"529",21.36,40.52,38.12,"SEED-516-Soybeans","d6fcb8e7-574b-47fb-948c-b2283af7d5eb","L"
"530",13.5757575757576,30.010101010101,56.4141414141414,"YUSUF-MAIN-YUSUF MAIN-W OF RD-Soybeans","d6fd9f85-33f7-42b5-ad56-67ddedbd5377","SL"
"531",11.34,21.34,67.32,"523 clone","d7c427de-7742-4b58-870f-602703aa5fa6","SL"
"532",16.8,33.6,49.6,"SEED-544-Soybeans","d8305900-026d-424b-8ee3-30c5b78a0eae","L"
"533",31,60,9,"Rockville 80","d854bb7e-2c32-45c3-a54e-b3801592026c","SICL"
"534",17.5733333333333,74.76,7.66666666666667,"1-000830ac","d8aaf52e-8cbb-4bd5-8a78-77fb556cffe5","SIL"
"535",33.020202020202,55.1111111111111,11.8686868686869,"F1","d902862b-6cce-4563-aba7-2b0345cf33d0","SICL"
"536",24.38,68.02,7.6,"house","d9687899-2aac-4a59-9cac-a285bfac5c20","SIL"
"537",25.83,49.88,24.29,"atl florida west","d97f22d2-5675-4903-86b5-3e73c0f8677f","L"
"538",13.45,77.1,9.45,"21-000124creek","d99135f8-ada7-4851-a2a8-b6e8c882996e","SIL"
"539",37.125,57.875,5,"Killen N 64","d9af03d3-bbdc-46ac-bb49-d73539e2ded1","SICL"
"540",26.33,65.67,8,"Pine Creek","da08a006-bbe1-46e9-ae6f-bc3e87eb6b0d","SIL"
"541",31.97,66.291,1.739,"Roses south of creek","dab9c149-afc8-45c8-9609-0b39d6bb631a","SICL"
"542",13.5757575757576,30.010101010101,56.4141414141414,"523 clone","dbcad668-df2b-41fa-a9ae-fc7ac705b895","SL"
"543",27.6767676767677,53.7979797979798,18.5252525252525,"OwlRidgeBig230-1","dbebe7c8-cf45-4ab8-ab82-d05812b9218d","SICL"
"544",19,75,6,"StephenFarms_HomeFarm","dbec96c3-33ce-48ef-8c9f-0160094b19cf","SIL"
"545",31,60,9,"Rockville 80","dd0575f9-f941-457f-8a3f-31c0c27b73b5","SICL"
"546",11.34,21.34,67.32,"north of ditch","dd3bbd2a-1ed6-4e45-9126-8d7a19e12e11","SL"
"547",25.065,67.135,7.8,"house","dde3bb98-ad40-43c4-9881-0d3f93cb3f35","SIL"
"548",21,75,4,"turner south","ddfb8dc1-8831-4845-befd-5d3df5c5226a","SIL"
"549",41.954,40.508,17.538,"Husteds South","de97e71e-9a12-4b66-98b5-be1d570d336d","SIC"
"550",25.065,67.135,7.8,"house","de9a7340-6586-49e2-88a4-e07acaab82ff","SIL"
"551",27.72,40.76,31.52,"Hamblock South Field","dee5a52d-8fdf-4582-87a5-2d8170dba29d","CL"
"552",18,77,5,"1-000393acfield","deea3537-e74e-4030-ab01-bc58fdd6df7f","SIL"
"553",23.58,46.85,29.57,"fallow syndyome study","df3ebaa9-0365-46a2-ba06-bf2e3bcc0f64","L"
"554",26.8,69.2,4,"Pine Creek","df843c92-c946-4aff-b60a-3b7616c7bfde","SIL"
"555",38.25,56.75,5,"Moore 80","dfaa6f5a-7496-4474-95ed-69f5963aaef3","SICL"
"556",29.02,65.98,5,"D Durdan Arnez","e027d422-6956-4aa8-ac88-1530a49daaf7","SICL"
"557",30.56,64.44,5,"north bins","e05b3888-06c2-49af-a2c2-76220157c560","SICL"
"558",22,50.5,27.5,"SEED-516-Soybeans","e12df3cb-51e5-4d3d-aeba-fae5cf089afc","SIL"
"559",38.9466666666667,47.7233333333333,13.33,"James Rodman_Courtney's_Big Field_2019_296L4_1","e140688b-0d04-4812-a9af-ad1c75d45eb2","SICL"
"560",22.2,58.8,19,"atl morse east","e1bbc9aa-0a03-4d7d-b2ce-d9d7386795b4","SIL"
"561",20.4,42.09,37.51,"nop","e1d82d9a-73e3-4807-b385-07a9c98114c3","L"
"562",26.74,60.675,12.585,"soy 19-01","e23871cb-0469-4f89-be9f-902c075169df","SIL"
"563",33.020202020202,55.1111111111111,11.8686868686869,"paul jacobsons","e26a7003-3a4a-43f9-9a8b-765888ee0824","SICL"
"564",24.5,58.5,17,"SEED-516-Soybeans","e2cedf57-f90c-4c59-9feb-c028d812171c","SIL"
"565",27.72,40.76,31.52,"BOB & WENDY Field 557","e30cbb7e-cb01-4e98-8469-1c53fe5569d5","CL"
"566",31.97,66.291,1.739,"west field","e4a6dbb8-3597-41ad-bba3-3adb6d68117a","SICL"
"567",26.8,69.2,4,"shiley north of 64","e4b51ca0-c0fc-4c7d-8fb5-cb37dc4517e8","SIL"
"568",17.5,41.5,41,"Essary-CherryFarms_JimBob_JimBob1","e51c7147-fdd0-44de-9625-05c02e231ec4","L"
"569",13.7,30.55,55.75,"HAEFNER-HAEFNER-Corn","e5d8b79b-a434-43d4-8619-864e4a773178","SL"
"570",23.58,46.85,29.57,"LT Till - CoC Conv Till","e6288e62-7eeb-4dde-a938-1a8041fb3f7f","L"
"571",13.7,30.55,55.75,"YUSUF-MAIN-YUSUF MAIN-W OF RD-Soybeans","e65c375f-2a17-4d08-837a-251493114bdc","SL"
"572",35.8233333333333,45.4933333333333,18.6833333333333,"Stan Steed_Stan's_East of Bins_2019_264L4_1","e66bb093-9b0e-4526-837d-0557c9908cf7","SICL"
"573",26.8,69.2,4,"turner south","e6c8eda4-f736-4177-996c-9df49a4d0508","SIL"
"574",35.8233333333333,45.4933333333333,18.6833333333333,"Matthew King_Two Daisy Farm_North Field_2018_6365AM_1","e6d25806-051c-4530-ac81-aff1ac3cdae6","SICL"
"575",25.065,67.135,7.8,"house","e6dbecc0-e9d2-4d43-8928-29c7dd747826","SIL"
"576",25.065,67.135,7.8,"house","e71bb769-cf7e-4f18-94d6-cf6d50ac665e","SIL"
"577",16.8,33.6,49.6,"526 clone","e71c77f6-44aa-483d-9e7c-a91fea3d47ee","L"
"578",32.682,57.318,10,"soy 19-19","e723def7-0e5e-428d-bd3d-3d23d1f12b5a","SICL"
"579",23.58,46.85,29.57,"LT Till - Corn-Bean Conv Till","e7c752ca-6abd-486b-9aa0-f2c689714c3f","L"
"580",41.74,36.64,21.62,"Husteds South","e7dde7e1-9dda-440b-805e-4934193872c7","C"
"581",20.7234042553191,74.2765957446808,5,"haines","e99e7cb0-8c2b-433b-969b-1c2995b4e660","SIL"
"582",24,73,3,"Burrus Seed Farms - HWT  - Boundary","e9c660a2-dea2-4373-9fe7-1922bfddca49","SIL"
"583",16.8,33.6,49.6,"526 clone","ea1fe8dd-c989-4451-a5df-e13e9c9f1675","L"
"584",18.5,76.5,5,"1-000393acfield","ed3a32f9-d339-4ff9-91d5-a251b105353a","SIL"
"585",24.6,65.4,10,"Rockville 80","ed4ea6d1-0455-4600-86e0-789f3b9768a6","SIL"
"586",22.4,41.6,36,"YUSUF-MAIN-YUSUF MAIN-W OF RD-Soybeans","ed6f9ab0-4222-4b4f-9012-6d1b656d7478","L"
"587",28.48,63.81,7.71,"house","edbff287-171b-47ff-87fd-e395db6dacf7","SICL"
"588",28.6,64.1,7.3,"519 clone","ef5db779-3994-4a21-96c8-4e8e8eeecd82","SICL"
"589",35.8233333333333,45.4933333333333,18.6833333333333,"Matthew King_Two Daisy Farm_North Field_2018_6365AM_1","ef8922ef-814c-497d-9c7a-02a9b6f1aefc","SICL"
"590",29.1919191919192,65.8080808080808,5,"north bins","f0ac8831-d935-4b41-8120-513442904ce3","SICL"
"591",31,59.99,9.01,"LT Field 3","f12337b0-e4ea-42fa-a5c5-9c2a9ab4109b","SICL"
"592",32.4545454545455,43.6363636363636,23.9090909090909,"yale","f2adc2e4-3272-48e6-ab38-30b818cf9623","CL"
"593",26.8,69.2,4,"Maytown North 80_NO Product_1_poly","f31c7108-fda7-4f99-8d9b-57b05ad543f1","SIL"
"594",24.38,68.02,7.6,"house","f35a4f0f-023f-4078-b6e4-d869a8a842e9","SIL"
"595",21,51.5,27.5,"Haelys","f3b2ec35-31df-46e8-b6b4-b9b52e2ebe22","SIL"
"596",9.1,16.8554455445545,74.0445544554455,"Smith Luhnow Plot Yield","f3c4ec60-1a71-4d75-996e-0b12b1b84f6f","SL"
"597",32.682,57.318,10,"soy 19-01","f438fbac-93dc-4579-b2fe-9ff56d6417d0","SICL"
"598",25.065,67.135,7.8,"house","f479bd00-7894-425f-bf89-540e69ee4029","SIL"
"599",22.4,41.6,36,"YUSUF-MAIN-YUSUF MAIN-W OF RD-Soybeans","f52aca00-f000-4e82-b974-4474c0f54858","L"
"600",20.81,49.365,29.825,"field-ne-001","f554c383-3ab2-4cf3-8fa0-c9ed32a02a51","L"
"601",13.7,30.55,55.75,"YUSUF-MAIN-YUSUF MAIN-W OF RD-Soybeans","f59903b9-ac2f-48ba-94cf-70527f644ec1","SL"
"602",27.72,40.76,31.52,"Route 40 Midell Farm","f6c24b77-9df4-4efd-83cb-bf473d62277a","CL"
"603",27.4,68.6,4,"South of House","f6e846ce-a226-4c58-84fd-aa9705377883","SIL"
"604",33.020202020202,55.1111111111111,11.8686868686869,"marv jacobsons","f77cfa9e-6f22-410f-b3aa-8ed4578fd2f2","SICL"
"605",16,72,12,"1-00083CORNERXCREEK","f7adde3d-c8cc-4fdb-9dc5-95643c77d43d","SIL"
"606",30.69,64.64,4.67,"west field","f7c50bd3-c6a3-44b1-91a0-676a556b67b2","SICL"
"607",38.25,56.75,5,"Moore 80","f81cd50c-1aa8-48f3-b54a-6da30e8bd8c4","SICL"
"608",27.72,40.76,31.52,"YUSUF-MAIN-YUSUF MAIN-W OF RD-Soybeans","f82a10cc-4b40-4071-964b-f189b3310941","CL"
"609",2,3,95,"523 clone","f82fbd00-7fda-4895-b308-90514a78b854","S"
"610",28.525,69.145,2.33,"cental il college","f880f884-3e44-448f-9d14-061248bd4adf","SICL"
"611",18,77,5,"StephenFarms_HomeFarm","f8d4ea2d-0946-4ff8-b28d-67ed06ee8107","SIL"
"612",13.45,77.1,9.45,"1-0003FIELDSBYDRIVE","f91378e5-f717-4d9f-82af-26a68c98a5c7","SIL"
"613",22.5,37.5,40,"BOB & WENDY Field 557","f924b417-fba2-4a21-a7f1-023cc47c61b2","L"
"614",23.1852941176471,72.5147058823529,4.3,"south","f9feac04-e165-48b5-8fe4-072c035766d7","SIL"
"615",28.69,67.31,4,"wales","fa6c811a-d693-4b96-893a-ca08ec54b40d","SICL"
"616",23.54,37.66,38.8,"Cragen Jerry's Place - JP North Levee","faddbef0-0841-4b16-bb7e-cab2152950d4","L"
"617",27.72,40.76,31.52,"Route 40","fb169750-52f7-421b-adc1-389ecd15db22","CL"
"618",30.5,58.5,11,"WRIGLEY-MGW-WRIGLEY-Soybeans","fb1cacc9-8ed8-4c79-8df7-7619ac65cdda","SICL"
"619",28.69,67.31,4,"Johnson . ","fbb4f382-738d-49ce-bf47-2b81d94e4643","SICL"
"620",18.0990099009901,75.9009900990099,6,"Home farm","fbd2059f-b09d-4edd-ab5b-976edc80489f","SIL"
"621",13.5757575757576,30.010101010101,56.4141414141414,"523 clone","fc554934-4be2-487e-a777-0acc896a9abc","SL"
"622",22.4,41.6,36,"YUSUF-MAIN-YUSUF MAIN-W OF RD-Soybeans","fcf9d2d2-e460-4953-8a34-19a548621d80","L"
"623",23.58,46.85,29.57,"LT Till - Corn-Bean Conv Till","fe7dea62-c071-46c1-8770-4f6f189eed55","L"
"624",28.48,63.81,7.71,"house","fe9fb9f6-db22-4c43-8ad3-681d6099eda2","SICL"
"625",12.32,25.14,62.54,"Zechiel McGee House Harvest","fef0f1ba-8d03-4f6f-943e-f51c3df8be73","SL"
"626",30,60,10,"Burrus Seed Farms - BSFW  - Boundary","fefd4c70-2260-4071-8a3a-3f82ab152601","SICL"
"627",12.72,19.62,67.66,"Kelsey Cannon Harvest","ff86fd84-8717-48db-87d7-a28f6860a31f","SL"
